expected_afs_M0.1,ver0_observed_afs_M0.1_nsegsites100000,expected_afs_M0.21544346900318834,ver0_observed_afs_M0.21544346900318834_nsegsites100000,expected_afs_M0.46415888336127786,ver0_observed_afs_M0.46415888336127786_nsegsites100000,expected_afs_M1.0,ver0_observed_afs_M1.0_nsegsites100000,expected_afs_M2.1544346900318834,ver0_observed_afs_M2.1544346900318834_nsegsites100000,expected_afs_M4.6415888336127775,ver0_observed_afs_M4.6415888336127775_nsegsites100000,expected_afs_M10.0,ver0_observed_afs_M10.0_nsegsites100000,expected_afs_M21.54434690031882,ver0_observed_afs_M21.54434690031882_nsegsites100000,expected_afs_M46.41588833612777,ver0_observed_afs_M46.41588833612777_nsegsites100000,expected_afs_M100.0,ver0_observed_afs_M100.0_nsegsites100000
0.116913,0.11922,0.205116,0.20276,0.314222,0.3068,0.413864,0.40835,0.48071,0.49186,0.515985,0.53475,0.532288,0.55592,0.539522,0.56697,0.542749,0.56807,0.54421,0.57429
0.828806,0.83014,0.701881,0.71747,0.549032,0.57651,0.416432,0.44523,0.334995,0.34487,0.297263,0.2975,0.282369,0.27573,0.276695,0.26705,0.274442,0.2661,0.273494,0.2617
0.0542808,0.05064,0.0930033,0.07977,0.136746,0.11669,0.169704,0.14642,0.184295,0.16327,0.186752,0.16775,0.185343,0.16835,0.183783,0.16598,0.182809,0.16583,0.182296,0.16401
