samples_size,ms_runtime_M0.1,qmd_runtime_M0.1,ms_runtime_M1.0,qmd_runtime_M1.0,ms_runtime_M10.0,qmd_runtime_M10.0
4,0.8104605674743652,0.1060171127319336,0.8104605674743652,0.1060171127319336,0.8104605674743652,0.1060171127319336
6,0.9590175151824951,0.01702117919921875,0.9590175151824951,0.01702117919921875,0.9590175151824951,0.01702117919921875
8,0.9990155696868896,0.03458881378173828,0.9990155696868896,0.03458881378173828,0.9990155696868896,0.03458881378173828
10,1.1703743934631348,0.40189456939697266,1.1703743934631348,0.40189456939697266,1.1703743934631348,0.40189456939697266
12,1.2459840774536133,6.122872829437256,1.2459840774536133,6.122872829437256,1.2459840774536133,6.122872829437256
14,1.5325818061828613,177.47129201889038,1.5325818061828613,177.47129201889038,1.5325818061828613,177.47129201889038
