num_segsites,ver0_average.abs.error_M0.1,ver0_rel.error_M0.1,ver0_average.abs.error_M0.21544346900318834,ver0_rel.error_M0.21544346900318834,ver0_average.abs.error_M0.46415888336127786,ver0_rel.error_M0.46415888336127786,ver0_average.abs.error_M1.0,ver0_rel.error_M1.0,ver0_average.abs.error_M2.1544346900318834,ver0_rel.error_M2.1544346900318834,ver0_average.abs.error_M4.6415888336127775,ver0_rel.error_M4.6415888336127775,ver0_average.abs.error_M10.0,ver0_rel.error_M10.0,ver0_average.abs.error_M21.54434690031882,ver0_rel.error_M21.54434690031882,ver0_average.abs.error_M46.41588833612777,ver0_rel.error_M46.41588833612777,ver0_average.abs.error_M100.0,ver0_rel.error_M100.0
100000,0.0036408999999999747,0.08841560635799639,0.015589150000000038,0.17598500057168498,0.027477999999999995,0.22033440928226233,0.028798000000000004,0.21968096646978652,0.021025000000000002,0.16675630841618472,0.01900199999999995,0.13891452437924057,0.023632,0.15959287276089607,0.027448000000000028,0.1826022169549496,0.02532099999999997,0.16992782271829343,0.030080000000000023,0.19870559998309967
