samples_size,ms_runtime_M0.1,qmd_runtime_M0.1,ms_runtime_M1.0,qmd_runtime_M1.0,ms_runtime_M10.0,qmd_runtime_M10.0
4,0.6452786922454834,0.01300668716430664,0.6452786922454834,0.01300668716430664,0.6452786922454834,0.01300668716430664
6,0.7381546497344971,0.014505863189697266,0.7381546497344971,0.014505863189697266,0.7381546497344971,0.014505863189697266
8,1.0821094512939453,0.05047607421875,1.0821094512939453,0.05047607421875,1.0821094512939453,0.05047607421875
10,1.4472920894622803,0.49062609672546387,1.4472920894622803,0.49062609672546387,1.4472920894622803,0.49062609672546387
12,1.5500850677490234,7.437350273132324,1.5500850677490234,7.437350273132324,1.5500850677490234,7.437350273132324
14,1.9462356567382812,206.65226650238037,1.9462356567382812,206.65226650238037,1.9462356567382812,206.65226650238037
