samples_size,ms_runtime_M0.1,qmd_runtime_M0.1
4,1.528517246246338,0.038223981857299805
6,1.6910037994384766,0.009487390518188477
8,1.9154329299926758,0.05605340003967285
