samples_size,ms_runtime_M0.1,qmd_runtime_M0.1,ms_runtime_M1.0,qmd_runtime_M1.0,ms_runtime_M10.0,qmd_runtime_M10.0
4,1.5440285205841064,0.04749917984008789,4.782360792160034,0.013446331024169922,30.854758262634277,0.012945175170898438
6,2.921018123626709,0.014430046081542969,5.1751625537872314,0.020775794982910156,35.715856075286865,0.04991865158081055
8,2.619115114212036,0.07876396179199219,6.443320274353027,0.07453703880310059,31.359684705734253,0.3952012062072754
10,2.290114402770996,0.859816312789917,9.754075765609741,1.3155453205108643,42.84724831581116,5.121228218078613
12,2.4849207401275635,13.07917332649231,10.993916273117065,15.704115390777588,33.95656657218933,63.60053253173828
14,2.62174391746521,345.359472990036,14.347337245941162,317.97528862953186,41.863290309906006,1517.9026498794556
