{
    "5islands_1T_0.01x_0.1M": 0.0015189871519783388,
    "5islands_1T_0.01x_1.0M": 0.0027360178536132767,
    "5islands_1T_0.01x_10.0M": 0.0018472418747705393,
    "5islands_1T_0.1x_0.1M": 0.0015737376192680585,
    "5islands_1T_0.1x_1.0M": 0.0028994943203041793,
    "5islands_1T_0.1x_10.0M": 0.0016394143268150599,
    "5islands_1T_0.5x_0.1M": 0.001788681375678586,
    "5islands_1T_0.5x_1.0M": 0.003465936376378945,
    "5islands_1T_0.5x_10.0M": 0.0024327417370075184,
    "5islands_5T_0.01x_0.1M": 0.0020197541333882895,
    "5islands_5T_0.01x_1.0M": 0.003554555067967731,
    "5islands_5T_0.01x_10.0M": 0.0031361926949652944,
    "5islands_5T_0.1x_0.1M": 0.002016043853014458,
    "5islands_5T_0.1x_1.0M": 0.0035865955406507275,
    "5islands_5T_0.1x_10.0M": 0.003183325405245669,
    "5islands_5T_0.5x_0.1M": 0.0020206597408649273,
    "5islands_5T_0.5x_1.0M": 0.0037535460079404464,
    "5islands_5T_0.5x_10.0M": 0.0033866647220717984,
    "5islands_10T_0.01x_0.1M": 0.002024875628715393,
    "5islands_10T_0.01x_1.0M": 0.00381916656868811,
    "5islands_10T_0.01x_10.0M": 0.003551939488426935,
    "5islands_10T_0.1x_0.1M": 0.002019189647406983,
    "5islands_10T_0.1x_1.0M": 0.0038343058210245588,
    "5islands_10T_0.1x_10.0M": 0.003558599301511049,
    "5islands_10T_0.5x_0.1M": 0.0020296447875938974,
    "5islands_10T_0.5x_1.0M": 0.003875437596725495,
    "5islands_10T_0.5x_10.0M": 0.0035899955631932923
}