{
    "5islands_1T_0.1x_0.1M": 0.0015737376192680585,
    "5islands_1T_0.1x_1.0M": 0.0028994943203041793,
    "5islands_1T_0.1x_10.0M": 0.0016394143268150599,
    "10islands_1T_0.1x_0.1M": 0.0015908609837540404,
    "10islands_1T_0.1x_1.0M": 0.0035617503950705347,
    "10islands_1T_0.1x_10.0M": 0.0016007725046402682,
    "20islands_1T_0.1x_0.1M": 0.0015797842837503393,
    "20islands_1T_0.1x_1.0M": 0.003966770021238759,
    "20islands_1T_0.1x_10.0M": 0.0012312798585129437
}