{
    "5islands_1T_0.1x_0.1M": 0.0015737376192680585,
    "5islands_1T_0.1x_1.0M": 0.0028994943203041793,
    "5islands_1T_0.1x_10.0M": 0.0016394143268150599,
    "5islands_1T_0.01x_0.1M": 0.0015189871519783388,
    "5islands_1T_0.01x_1.0M": 0.0027360178536132767,
    "5islands_1T_0.01x_10.0M": 0.0018472418747705393,
    "5islands_1T_0.5x_0.1M": 0.001788681375678586,
    "5islands_1T_0.5x_1.0M": 0.003465936376378945,
    "5islands_1T_0.5x_10.0M": 0.0024327417370075184
}